Year,Anomaly
185001,-0.11
185002,-0.07
185003,-0.12
185004,-0.09
185005,-0.07
185006,0.00
185007,-0.05
185008,-0.08
185009,-0.07
185010,-0.04
185011,-0.01
185012,-0.02
185101,-0.02
185102,-0.04
185103,-0.08
185104,-0.18
185105,-0.15
185106,-0.08
185107,0.04
185108,0.08
185109,0.12
185110,0.13
185111,0.14
185112,0.04
185201,-0.05
185202,-0.09
185203,-0.14
185204,-0.17
185205,0.00
185206,0.07
185207,0.08
185208,0.11
185209,0.07
185210,0.16
185211,0.18
185212,0.10
185301,0.09
185302,0.00
185303,0.04
185304,-0.04
185305,-0.03
185306,0.07
185307,0.06
185308,0.05
185309,-0.01
185310,-0.02
185311,-0.04
185312,-0.08
185401,-0.11
185402,-0.07
185403,0.04
185404,-0.03
185405,0.01
185406,-0.06
185407,-0.05
185408,-0.06
185409,0.02
185410,0.06
185411,0.00
185412,0.03
185501,-0.02
185502,0.01
185503,-0.01
185504,-0.02
185505,-0.05
185506,-0.07
185507,-0.05
185508,-0.02
185509,0.03
185510,0.10
185511,0.11
185512,0.08
185601,0.06
185602,-0.02
185603,-0.06
185604,-0.05
185605,-0.06
185606,0.00
185607,-0.12
185608,-0.11
185609,-0.15
185610,-0.21
185611,-0.25
185612,-0.28
185701,-0.22
185702,-0.22
185703,-0.28
185704,-0.24
185705,-0.22
185706,-0.16
185707,-0.12
185708,-0.11
185709,-0.04
185710,-0.06
185711,-0.08
185712,-0.11
185801,-0.12
185802,-0.18
185803,-0.09
185804,-0.14
185805,-0.20
185806,-0.14
185807,-0.09
185808,-0.08
185809,-0.06
185810,-0.08
185811,0.00
185812,-0.04
185901,-0.02
185902,0.00
185903,0.01
185904,-0.04
185905,0.02
185906,-0.02
185907,0.02
185908,0.01
185909,0.04
185910,0.01
185911,0.05
185912,0.11
186001,0.09
186002,0.07
186003,0.06
186004,-0.07
186005,-0.06
186006,-0.07
186007,-0.12
186008,-0.12
186009,-0.11
186010,-0.08
186011,-0.14
186012,-0.16
186101,-0.33
186102,-0.30
186103,-0.28
186104,-0.14
186105,-0.18
186106,-0.17
186107,-0.07
186108,-0.01
186109,0.04
186110,-0.03
186111,-0.02
186112,-0.10
186201,-0.19
186202,-0.22
186203,-0.16
186204,-0.22
186205,-0.22
186206,-0.15
186207,-0.18
186208,-0.17
186209,-0.10
186210,-0.08
186211,-0.03
186212,-0.09
186301,-0.11
186302,-0.07
186303,-0.06
186304,-0.10
186305,-0.07
186306,-0.12
186307,-0.10
186308,-0.03
186309,-0.06
186310,-0.04
186311,-0.06
186312,0.06
186401,-0.10
186402,-0.13
186403,-0.11
186404,-0.06
186405,-0.02
186406,0.02
186407,0.00
186408,-0.03
186409,-0.07
186410,-0.03
186411,0.11
186412,0.15
186501,0.05
186502,0.01
186503,0.04
186504,0.00
186505,-0.02
186506,0.02
186507,0.11
186508,0.12
186509,0.07
186510,0.08
186511,0.03
186512,0.05
186601,0.12
186602,0.16
186603,0.12
186604,0.01
186605,-0.02
186606,0.09
186607,0.11
186608,0.01
186609,-0.08
186610,0.07
186611,0.11
186612,0.01
186701,-0.04
186702,0.02
186703,0.01
186704,-0.05
186705,-0.03
186706,-0.04
186707,-0.07
186708,0.05
186709,0.13
186710,0.05
186711,-0.06
186712,-0.24
186801,-0.27
186802,-0.10
186803,0.02
186804,0.01
186805,0.09
186806,0.10
186807,0.02
186808,0.01
186809,-0.03
186810,0.05
186811,0.09
186812,0.05
186901,0.05
186902,-0.01
186903,0.02
186904,-0.02
186905,0.03
186906,0.04
186907,-0.03
186908,-0.12
186909,-0.09
186910,-0.03
186911,0.12
186912,0.10
187001,0.14
187002,0.07
187003,0.07
187004,0.02
187005,-0.03
187006,-0.10
187007,-0.01
187008,0.02
187009,-0.05
187010,-0.10
187011,-0.04
187012,-0.08
187101,-0.08
187102,-0.04
187103,0.05
187104,0.08
187105,0.09
187106,0.07
187107,0.07
187108,-0.03
187109,-0.08
187110,-0.06
187111,0.01
187112,-0.03
187201,0.00
187202,-0.04
187203,-0.07
187204,-0.06
187205,-0.05
187206,0.00
187207,0.01
187208,0.02
187209,-0.02
187210,-0.05
187211,-0.02
187212,-0.08
187301,-0.01
187302,-0.10
187303,-0.19
187304,-0.21
187305,-0.15
187306,-0.06
187307,0.01
187308,0.01
187309,0.00
187310,-0.04
187311,-0.05
187312,-0.05
187401,-0.07
187402,-0.06
187403,-0.19
187404,-0.22
187405,-0.30
187406,-0.20
187407,-0.06
187408,-0.05
187409,-0.09
187410,-0.08
187411,-0.14
187412,-0.09
187501,-0.03
187502,-0.04
187503,-0.07
187504,-0.04
187505,-0.02
187506,-0.05
187507,-0.04
187508,0.01
187509,0.02
187510,0.07
187511,0.04
187512,-0.02
187601,-0.08
187602,-0.12
187603,-0.10
187604,-0.21
187605,-0.28
187606,-0.10
187607,-0.06
187608,-0.01
187609,-0.05
187610,0.02
187611,0.01
187612,0.08
187701,0.05
187702,0.11
187703,0.11
187704,0.11
187705,0.16
187706,0.19
187707,0.29
187708,0.27
187709,0.32
187710,0.40
187711,0.43
187712,0.41
187801,0.38
187802,0.34
187803,0.27
187804,0.21
187805,0.22
187806,0.21
187807,0.15
187808,0.17
187809,0.12
187810,0.08
187811,0.06
187812,0.07
187901,0.06
187902,0.15
187903,0.07
187904,0.05
187905,0.06
187906,0.03
187907,0.03
187908,-0.02
187909,0.00
187910,0.01
187911,0.02
187912,-0.02
188001,-0.02
188002,0.03
188003,0.08
188004,0.09
188005,0.00
188006,-0.12
188007,-0.11
188008,-0.05
188009,-0.01
188010,-0.10
188011,-0.07
188012,0.00
188101,0.00
188102,0.03
188103,0.11
188104,0.12
188105,0.12
188106,0.08
188107,0.09
188108,0.04
188109,-0.03
188110,-0.07
188111,-0.05
188112,0.03
188201,0.14
188202,0.13
188203,0.08
188204,0.04
188205,0.01
188206,-0.03
188207,-0.02
188208,-0.02
188209,-0.04
188210,-0.03
188211,0.04
188212,0.08
188301,0.02
188302,-0.05
188303,-0.05
188304,-0.02
188305,-0.06
188306,-0.05
188307,-0.03
188308,-0.05
188309,-0.10
188310,-0.03
188311,-0.01
188312,-0.04
188401,0.00
188402,0.05
188403,-0.10
188404,-0.12
188405,-0.10
188406,-0.16
188407,-0.20
188408,-0.18
188409,-0.12
188410,-0.13
188411,-0.17
188412,-0.16
188501,-0.20
188502,-0.14
188503,-0.18
188504,-0.21
188505,-0.22
188506,-0.24
188507,-0.23
188508,-0.17
188509,-0.17
188510,-0.11
188511,-0.08
188512,-0.06
188601,-0.10
188602,-0.15
188603,-0.15
188604,-0.14
188605,-0.11
188606,-0.17
188607,-0.19
188608,-0.24
188609,-0.20
188610,-0.14
188611,-0.14
188612,-0.24
188701,-0.34
188702,-0.29
188703,-0.20
188704,-0.19
188705,-0.22
188706,-0.14
188707,-0.21
188708,-0.21
188709,-0.17
188710,-0.18
188711,-0.12
188712,-0.09
188801,-0.10
188802,-0.09
188803,-0.14
188804,-0.08
188805,-0.02
188806,0.00
188807,-0.06
188808,-0.07
188809,0.00
188810,0.11
188811,0.11
188812,0.19
188901,0.20
188902,0.15
188903,0.13
188904,0.05
188905,0.05
188906,-0.03
188907,-0.04
188908,-0.09
188909,-0.12
188910,-0.11
188911,-0.09
188912,-0.11
189001,-0.20
189002,-0.25
189003,-0.23
189004,-0.24
189005,-0.22
189006,-0.15
189007,-0.25
189008,-0.31
189009,-0.34
189010,-0.29
189011,-0.26
189012,-0.16
189101,-0.17
189102,-0.17
189103,-0.12
189104,-0.08
189105,-0.06
189106,-0.06
189107,-0.07
189108,-0.07
189109,-0.06
189110,-0.08
189111,-0.11
189112,-0.03
189201,-0.06
189202,-0.03
189203,-0.12
189204,-0.11
189205,-0.09
189206,-0.17
189207,-0.25
189208,-0.18
189209,-0.10
189210,-0.16
189211,-0.13
189212,-0.20
189301,-0.20
189302,-0.19
189303,-0.21
189304,-0.19
189305,-0.19
189306,-0.15
189307,-0.18
189308,-0.17
189309,-0.18
189310,-0.19
189311,-0.19
189312,-0.22
189401,-0.24
189402,-0.26
189403,-0.26
189404,-0.28
189405,-0.25
189406,-0.28
189407,-0.21
189408,-0.20
189409,-0.17
189410,-0.16
189411,-0.09
189412,-0.09
189501,-0.08
189502,-0.08
189503,-0.20
189504,-0.17
189505,-0.16
189506,-0.13
189507,-0.11
189508,-0.08
189509,-0.06
189510,-0.01
189511,-0.06
189512,-0.03
189601,-0.07
189602,-0.01
189603,0.04
189604,0.03
189605,-0.01
189606,-0.05
189607,0.02
189608,0.04
189609,0.02
189610,0.08
189611,0.14
189612,0.15
189701,0.08
189702,0.08
189703,0.12
189704,0.09
189705,-0.02
189706,-0.06
189707,-0.01
189708,-0.02
189709,-0.04
189710,-0.09
189711,-0.14
189712,-0.09
189801,-0.08
189802,-0.09
189803,-0.18
189804,-0.21
189805,-0.17
189806,-0.16
189807,-0.16
189808,-0.21
189809,-0.20
189810,-0.22
189811,-0.21
189812,-0.18
189901,-0.16
189902,-0.16
189903,-0.18
189904,-0.17
189905,-0.15
189906,-0.15
189907,-0.11
189908,-0.01
189909,-0.03
189910,-0.06
189911,-0.02
189912,-0.04
190001,-0.05
190002,0.02
190003,-0.01
190004,-0.02
190005,-0.06
190006,-0.04
190007,-0.06
190008,-0.06
190009,0.01
190010,0.05
190011,0.00
190012,-0.02
190101,-0.02
190102,-0.03
190103,-0.04
190104,-0.04
190105,-0.09
190106,-0.10
190107,-0.16
190108,-0.17
190109,-0.20
190110,-0.25
190111,-0.16
190112,-0.18
190201,-0.17
190202,-0.17
190203,-0.17
190204,-0.16
190205,-0.22
190206,-0.26
190207,-0.24
190208,-0.23
190209,-0.22
190210,-0.16
190211,-0.13
190212,-0.14
190301,-0.17
190302,-0.21
190303,-0.26
190304,-0.30
190305,-0.34
190306,-0.31
190307,-0.35
190308,-0.42
190309,-0.44
190310,-0.42
190311,-0.41
190312,-0.40
190401,-0.45
190402,-0.46
190403,-0.50
190404,-0.45
190405,-0.49
190406,-0.45
190407,-0.46
190408,-0.46
190409,-0.46
190410,-0.35
190411,-0.32
190412,-0.35
190501,-0.34
190502,-0.29
190503,-0.20
190504,-0.25
190505,-0.26
190506,-0.20
190507,-0.20
190508,-0.19
190509,-0.19
190510,-0.20
190511,-0.17
190512,-0.11
190601,-0.10
190602,-0.10
190603,-0.14
190604,-0.14
190605,-0.29
190606,-0.19
190607,-0.19
190608,-0.22
190609,-0.25
190610,-0.24
190611,-0.23
190612,-0.25
190701,-0.25
190702,-0.31
190703,-0.20
190704,-0.21
190705,-0.28
190706,-0.24
190707,-0.27
190708,-0.27
190709,-0.32
190710,-0.26
190711,-0.31
190712,-0.32
190801,-0.35
190802,-0.32
190803,-0.38
190804,-0.38
190805,-0.41
190806,-0.42
190807,-0.41
190808,-0.42
190809,-0.44
190810,-0.44
190811,-0.41
190812,-0.42
190901,-0.42
190902,-0.43
190903,-0.41
190904,-0.45
190905,-0.43
190906,-0.46
190907,-0.47
190908,-0.40
190909,-0.41
190910,-0.42
190911,-0.48
190912,-0.46
191001,-0.41
191002,-0.44
191003,-0.50
191004,-0.41
191005,-0.33
191006,-0.35
191007,-0.40
191008,-0.40
191009,-0.39
191010,-0.42
191011,-0.43
191012,-0.47
191101,-0.44
191102,-0.49
191103,-0.47
191104,-0.50
191105,-0.51
191106,-0.46
191107,-0.47
191108,-0.42
191109,-0.36
191110,-0.29
191111,-0.21
191112,-0.15
191201,-0.20
191202,-0.13
191203,-0.12
191204,-0.13
191205,-0.20
191206,-0.22
191207,-0.26
191208,-0.33
191209,-0.40
191210,-0.35
191211,-0.35
191212,-0.34
191301,-0.27
191302,-0.28
191303,-0.34
191304,-0.34
191305,-0.34
191306,-0.35
191307,-0.35
191308,-0.33
191309,-0.34
191310,-0.26
191311,-0.24
191312,-0.20
191401,-0.15
191402,-0.14
191403,-0.17
191404,-0.23
191405,-0.22
191406,-0.27
191407,-0.20
191408,-0.14
191409,-0.12
191410,-0.08
191411,-0.07
191412,-0.02
191501,-0.07
191502,-0.02
191503,0.02
191504,0.01
191505,-0.04
191506,-0.11
191507,-0.09
191508,-0.12
191509,-0.11
191510,-0.13
191511,-0.16
191512,-0.14
191601,-0.11
191602,-0.09
191603,-0.16
191604,-0.22
191605,-0.25
191606,-0.32
191607,-0.32
191608,-0.24
191609,-0.29
191610,-0.31
191611,-0.40
191612,-0.44
191701,-0.56
191702,-0.49
191703,-0.47
191704,-0.43
191705,-0.34
191706,-0.31
191707,-0.24
191708,-0.13
191709,-0.15
191710,-0.24
191711,-0.31
191712,-0.24
191801,-0.22
191802,-0.22
191803,-0.24
191804,-0.26
191805,-0.25
191806,-0.24
191807,-0.23
191808,-0.20
191809,-0.15
191810,-0.10
191811,0.01
191812,-0.02
191901,-0.03
191902,-0.06
191903,-0.05
191904,-0.08
191905,-0.18
191906,-0.30
191907,-0.31
191908,-0.38
191909,-0.27
191910,-0.23
191911,-0.26
191912,-0.30
192001,-0.33
192002,-0.19
192003,-0.18
192004,-0.22
192005,-0.24
192006,-0.27
192007,-0.28
192008,-0.23
192009,-0.13
192010,-0.15
192011,-0.14
192012,-0.18
192101,-0.19
192102,-0.23
192103,-0.26
192104,-0.31
192105,-0.29
192106,-0.29
192107,-0.18
192108,-0.14
192109,-0.11
192110,0.01
192111,-0.10
192112,-0.14
192201,-0.20
192202,-0.18
192203,-0.12
192204,-0.22
192205,-0.29
192206,-0.32
192207,-0.30
192208,-0.28
192209,-0.30
192210,-0.26
192211,-0.18
192212,-0.22
192301,-0.28
192302,-0.33
192303,-0.30
192304,-0.23
192305,-0.20
192306,-0.25
192307,-0.24
192308,-0.32
192309,-0.29
192310,-0.23
192311,-0.12
192312,-0.05
192401,-0.11
192402,-0.14
192403,-0.11
192404,-0.12
192405,-0.11
192406,-0.19
192407,-0.27
192408,-0.33
192409,-0.33
192410,-0.36
192411,-0.39
192412,-0.40
192501,-0.38
192502,-0.35
192503,-0.28
192504,-0.31
192505,-0.23
192506,-0.22
192507,-0.17
192508,-0.16
192509,-0.17
192510,-0.10
192511,-0.04
192512,-0.06
192601,-0.04
192602,-0.09
192603,-0.11
192604,-0.05
192605,-0.07
192606,-0.12
192607,-0.17
192608,-0.13
192609,-0.13
192610,-0.12
192611,-0.14
192612,-0.14
192701,-0.17
192702,-0.19
192703,-0.20
192704,-0.20
192705,-0.21
192706,-0.22
192707,-0.17
192708,-0.13
192709,-0.16
192710,-0.13
192711,-0.09
192712,-0.14
192801,-0.14
192802,-0.19
192803,-0.20
192804,-0.21
192805,-0.22
192806,-0.25
192807,-0.17
192808,-0.20
192809,-0.20
192810,-0.22
192811,-0.23
192812,-0.26
192901,-0.31
192902,-0.33
192903,-0.32
192904,-0.32
192905,-0.31
192906,-0.28
192907,-0.25
192908,-0.25
192909,-0.21
192910,-0.21
192911,-0.17
192912,-0.26
193001,-0.31
193002,-0.26
193003,-0.20
193004,-0.18
193005,-0.17
193006,-0.16
193007,-0.18
193008,-0.15
193009,-0.06
193010,0.02
193011,0.05
193012,-0.04
193101,-0.05
193102,-0.09
193103,-0.03
193104,-0.11
193105,-0.09
193106,-0.06
193107,-0.08
193108,-0.08
193109,-0.10
193110,-0.13
193111,-0.19
193112,-0.18
193201,-0.13
193202,-0.12
193203,-0.11
193204,-0.17
193205,-0.16
193206,-0.20
193207,-0.24
193208,-0.21
193209,-0.21
193210,-0.21
193211,-0.20
193212,-0.22
193301,-0.19
193302,-0.19
193303,-0.21
193304,-0.18
193305,-0.23
193306,-0.26
193307,-0.21
193308,-0.23
193309,-0.25
193310,-0.23
193311,-0.27
193312,-0.28
193401,-0.27
193402,-0.30
193403,-0.28
193404,-0.21
193405,-0.20
193406,-0.11
193407,-0.10
193408,-0.10
193409,-0.06
193410,-0.12
193411,-0.10
193412,-0.14
193501,-0.20
193502,-0.19
193503,-0.24
193504,-0.18
193505,-0.19
193506,-0.22
193507,-0.21
193508,-0.18
193509,-0.18
193510,-0.09
193511,-0.08
193512,-0.09
193601,-0.14
193602,-0.11
193603,-0.15
193604,-0.15
193605,-0.16
193606,-0.19
193607,-0.19
193608,-0.14
193609,-0.09
193610,-0.08
193611,-0.09
193612,-0.10
193701,-0.12
193702,-0.07
193703,-0.06
193704,-0.07
193705,-0.08
193706,-0.05
193707,-0.01
193708,0.03
193709,0.05
193710,0.00
193711,0.01
193712,-0.02
193801,-0.06
193802,-0.08
193803,-0.09
193804,-0.13
193805,-0.13
193806,-0.12
193807,-0.12
193808,-0.08
193809,-0.10
193810,-0.04
193811,-0.14
193812,-0.16
193901,-0.19
193902,-0.12
193903,-0.10
193904,-0.07
193905,-0.09
193906,-0.04
193907,-0.05
193908,-0.02
193909,-0.02
193910,0.03
193911,0.05
193912,0.14
194001,0.16
194002,0.08
194003,0.17
194004,0.14
194005,0.17
194006,0.14
194007,0.13
194008,0.14
194009,0.12
194010,0.12
194011,0.21
194012,0.28
194101,0.32
194102,0.32
194103,0.23
194104,0.27
194105,0.22
194106,0.17
194107,0.21
194108,0.20
194109,0.20
194110,0.38
194111,0.44
194112,0.37
194201,0.18
194202,0.18
194203,0.19
194204,0.21
194205,0.20
194206,0.12
194207,0.09
194208,0.03
194209,-0.03
194210,-0.04
194211,0.03
194212,0.04
194301,0.13
194302,0.04
194303,-0.01
194304,0.02
194305,0.03
194306,0.05
194307,0.10
194308,0.08
194309,0.09
194310,0.09
194311,0.16
194312,0.13
194401,0.13
194402,0.17
194403,0.27
194404,0.29
194405,0.29
194406,0.31
194407,0.29
194408,0.27
194409,0.29
194410,0.20
194411,0.15
194412,0.17
194501,0.22
194502,0.23
194503,0.16
194504,0.22
194505,0.23
194506,0.19
194507,0.20
194508,0.28
194509,0.29
194510,0.17
194511,0.19
194512,0.19
194601,0.11
194602,0.01
194603,0.03
194604,-0.02
194605,-0.05
194606,-0.13
194607,-0.12
194608,-0.15
194609,-0.04
194610,0.00
194611,-0.09
194612,-0.13
194701,-0.07
194702,-0.07
194703,-0.07
194704,-0.01
194705,0.00
194706,0.09
194707,0.00
194708,-0.06
194709,-0.17
194710,-0.18
194711,-0.12
194712,-0.11
194801,-0.15
194802,-0.13
194803,-0.17
194804,-0.10
194805,-0.02
194806,-0.04
194807,-0.07
194808,-0.06
194809,-0.16
194810,-0.14
194811,-0.16
194812,-0.06
194901,-0.03
194902,-0.02
194903,-0.04
194904,-0.03
194905,-0.05
194906,-0.12
194907,-0.03
194908,-0.08
194909,-0.10
194910,-0.10
194911,-0.15
194912,-0.13
195001,-0.12
195002,-0.14
195003,-0.10
195004,-0.11
195005,-0.04
195006,0.03
195007,-0.01
195008,0.00
195009,-0.07
195010,-0.17
195011,-0.18
195012,-0.17
195101,-0.15
195102,-0.15
195103,-0.13
195104,-0.12
195105,-0.03
195106,0.09
195107,0.14
195108,0.10
195109,0.08
195110,0.06
195111,0.04
195112,0.08
195201,0.09
195202,0.11
195203,0.11
195204,0.08
195205,0.04
195206,0.05
195207,0.04
195208,0.08
195209,0.08
195210,0.10
195211,0.05
195212,0.04
195301,0.02
195302,0.04
195303,0.06
195304,0.11
195305,0.13
195306,0.16
195307,0.08
195308,0.04
195309,0.03
195310,0.04
195311,-0.01
195312,-0.05
195401,-0.08
195402,-0.05
195403,-0.07
195404,-0.10
195405,-0.11
195406,-0.10
195407,-0.13
195408,-0.14
195409,-0.09
195410,-0.13
195411,-0.13
195412,-0.20
195501,-0.11
195502,-0.11
195503,-0.12
195504,-0.16
195505,-0.14
195506,-0.12
195507,-0.07
195508,-0.10
195509,-0.09
195510,-0.19
195511,-0.14
195512,-0.13
195601,-0.05
195602,-0.12
195603,-0.11
195604,-0.16
195605,-0.15
195606,-0.11
195607,-0.07
195608,-0.08
195609,-0.13
195610,-0.07
195611,-0.06
195612,-0.03
195701,-0.01
195702,0.01
195703,0.03
195704,0.09
195705,0.19
195706,0.17
195707,0.18
195708,0.16
195709,0.11
195710,0.05
195711,0.07
195712,0.10
195801,0.15
195802,0.16
195803,0.15
195804,0.14
195805,0.07
195806,0.14
195807,0.12
195808,0.13
195809,0.12
195810,0.08
195811,0.05
195812,0.10
195901,0.11
195902,0.08
195903,0.06
195904,0.05
195905,0.10
195906,0.06
195907,0.07
195908,0.06
195909,0.09
195910,0.06
195911,0.01
195912,0.00
196001,0.04
196002,0.06
196003,0.04
196004,0.01
196005,0.08
196006,0.01
196007,0.08
196008,0.08
196009,0.11
196010,0.07
196011,0.04
196012,0.07
196101,0.07
196102,0.14
196103,0.10
196104,0.13
196105,0.12
196106,0.10
196107,0.06
196108,0.06
196109,0.05
196110,0.04
196111,0.02
196112,0.04
196201,0.03
196202,0.02
196203,0.07
196204,0.02
196205,0.08
196206,0.10
196207,0.15
196208,0.09
196209,0.12
196210,0.07
196211,0.02
196212,0.01
196301,0.01
196302,0.04
196303,0.01
196304,0.07
196305,0.11
196306,0.10
196307,0.10
196308,0.16
196309,0.12
196310,0.07
196311,0.10
196312,0.07
196401,0.02
196402,-0.02
196403,-0.06
196404,-0.09
196405,-0.07
196406,-0.01
196407,-0.01
196408,-0.10
196409,-0.10
196410,-0.14
196411,-0.19
196412,-0.22
196501,-0.12
196502,-0.09
196503,-0.09
196504,-0.08
196505,-0.07
196506,-0.01
196507,-0.01
196508,0.02
196509,0.04
196510,0.00
196511,0.00
196512,0.00
196601,0.03
196602,0.01
196603,0.03
196604,0.02
196605,-0.03
196606,0.03
196607,0.07
196608,0.02
196609,0.02
196610,0.00
196611,0.03
196612,0.04
196701,-0.02
196702,-0.06
196703,-0.02
196704,-0.03
196705,0.07
196706,0.07
196707,0.05
196708,0.08
196709,-0.01
196710,0.01
196711,-0.06
196712,-0.09
196801,-0.14
196802,-0.11
196803,-0.11
196804,-0.06
196805,-0.03
196806,0.05
196807,0.04
196808,0.07
196809,0.07
196810,0.12
196811,0.13
196812,0.17
196901,0.25
196902,0.23
196903,0.25
196904,0.25
196905,0.26
196906,0.13
196907,0.11
196908,0.15
196909,0.16
196910,0.13
196911,0.13
196912,0.17
197001,0.18
197002,0.13
197003,0.12
197004,0.13
197005,0.08
197006,0.02
197007,-0.01
197008,0.05
197009,0.06
197010,0.08
197011,0.06
197012,-0.01
197101,0.00
197102,-0.10
197103,-0.10
197104,-0.05
197105,-0.03
197106,-0.06
197107,-0.01
197108,-0.02
197109,-0.08
197110,-0.07
197111,-0.09
197112,-0.11
197201,0.00
197202,0.07
197203,0.03
197204,0.09
197205,0.05
197206,0.09
197207,0.12
197208,0.11
197209,0.13
197210,0.17
197211,0.22
197212,0.30
197301,0.28
197302,0.27
197303,0.23
197304,0.20
197305,0.20
197306,0.15
197307,0.14
197308,0.12
197309,0.13
197310,0.09
197311,0.04
197312,-0.06
197401,-0.03
197402,-0.07
197403,-0.09
197404,-0.09
197405,-0.01
197406,-0.02
197407,0.01
197408,0.06
197409,0.03
197410,0.02
197411,0.01
197412,0.00
197501,0.04
197502,0.03
197503,0.02
197504,0.01
197505,0.03
197506,0.01
197507,0.02
197508,-0.01
197509,-0.01
197510,-0.09
197511,-0.12
197512,-0.16
197601,-0.11
197602,-0.06
197603,-0.06
197604,-0.03
197605,-0.07
197606,0.00
197607,0.03
197608,0.05
197609,0.03
197610,0.11
197611,0.17
197612,0.25
197701,0.32
197702,0.29
197703,0.23
197704,0.21
197705,0.20
197706,0.20
197707,0.17
197708,0.16
197709,0.21
197710,0.20
197711,0.14
197712,0.13
197801,0.17
197802,0.15
197803,0.16
197804,0.12
197805,0.12
197806,0.14
197807,0.12
197808,0.10
197809,0.12
197810,0.11
197811,0.16
197812,0.20
197901,0.24
197902,0.21
197903,0.24
197904,0.26
197905,0.22
197906,0.28
197907,0.25
197908,0.28
197909,0.29
197910,0.30
197911,0.32
197912,0.37
198001,0.39
198002,0.35
198003,0.37
198004,0.31
198005,0.33
198006,0.30
198007,0.28
198008,0.21
198009,0.23
198010,0.17
198011,0.23
198012,0.24
198101,0.23
198102,0.22
198103,0.26
198104,0.25
198105,0.26
198106,0.32
198107,0.28
198108,0.20
198109,0.23
198110,0.24
198111,0.24
198112,0.31
198201,0.27
198202,0.20
198203,0.19
198204,0.20
198205,0.24
198206,0.22
198207,0.16
198208,0.18
198209,0.28
198210,0.30
198211,0.31
198212,0.34
198301,0.41
198302,0.38
198303,0.35
198304,0.34
198305,0.33
198306,0.36
198307,0.30
198308,0.31
198309,0.29
198310,0.25
198311,0.25
198312,0.24
198401,0.25
198402,0.26
198403,0.25
198404,0.20
198405,0.20
198406,0.17
198407,0.18
198408,0.21
198409,0.28
198410,0.18
198411,0.18
198412,0.17
198501,0.19
198502,0.22
198503,0.17
198504,0.14
198505,0.19
198506,0.16
198507,0.18
198508,0.15
198509,0.21
198510,0.20
198511,0.18
198512,0.20
198601,0.18
198602,0.21
198603,0.18
198604,0.20
198605,0.21
198606,0.23
198607,0.23
198608,0.22
198609,0.24
198610,0.30
198611,0.25
198612,0.27
198701,0.28
198702,0.30
198703,0.33
198704,0.33
198705,0.35
198706,0.35
198707,0.40
198708,0.43
198709,0.45
198710,0.42
198711,0.47
198712,0.40
198801,0.48
198802,0.46
198803,0.44
198804,0.40
198805,0.35
198806,0.32
198807,0.30
198808,0.31
198809,0.29
198810,0.27
198811,0.18
198812,0.17
198901,0.21
198902,0.22
198903,0.23
198904,0.27
198905,0.26
198906,0.27
198907,0.33
198908,0.33
198909,0.34
198910,0.28
198911,0.29
198912,0.29
199001,0.31
199002,0.36
199003,0.41
199004,0.40
199005,0.40
199006,0.37
199007,0.40
199008,0.36
199009,0.33
199010,0.38
199011,0.38
199012,0.35
199101,0.34
199102,0.34
199103,0.34
199104,0.41
199105,0.36
199106,0.39
199107,0.38
199108,0.34
199109,0.31
199110,0.26
199111,0.28
199112,0.28
199201,0.28
199202,0.30
199203,0.31
199204,0.33
199205,0.35
199206,0.34
199207,0.25
199208,0.19
199209,0.20
199210,0.15
199211,0.14
199212,0.18
199301,0.26
199302,0.27
199303,0.26
199304,0.29
199305,0.33
199306,0.33
199307,0.27
199308,0.23
199309,0.25
199310,0.23
199311,0.22
199312,0.20
199401,0.21
199402,0.22
199403,0.26
199404,0.29
199405,0.31
199406,0.31
199407,0.30
199408,0.29
199409,0.27
199410,0.34
199411,0.38
199412,0.38
199501,0.37
199502,0.40
199503,0.37
199504,0.34
199505,0.31
199506,0.35
199507,0.38
199508,0.37
199509,0.30
199510,0.32
199511,0.33
199512,0.28
199601,0.27
199602,0.33
199603,0.33
199604,0.33
199605,0.32
199606,0.35
199607,0.30
199608,0.35
199609,0.31
199610,0.27
199611,0.29
199612,0.31
199701,0.30
199702,0.35
199703,0.38
199704,0.35
199705,0.42
199706,0.49
199707,0.51
199708,0.52
199709,0.56
199710,0.57
199711,0.57
199712,0.60
199801,0.58
199802,0.61
199803,0.56
199804,0.59
199805,0.59
199806,0.60
199807,0.56
199808,0.54
199809,0.40
199810,0.40
199811,0.42
199812,0.39
199901,0.36
199902,0.33
199903,0.40
199904,0.36
199905,0.31
199906,0.32
199907,0.30
199908,0.28
199909,0.29
199910,0.25
199911,0.24
199912,0.28
200001,0.28
200002,0.34
200003,0.34
200004,0.35
200005,0.31
200006,0.28
200007,0.32
200008,0.35
200009,0.37
200010,0.35
200011,0.33
200012,0.35
200101,0.35
200102,0.36
200103,0.44
200104,0.45
200105,0.46
200106,0.49
200107,0.49
200108,0.47
200109,0.46
200110,0.48
200111,0.46
200112,0.46
200201,0.46
200202,0.48
200203,0.53
200204,0.51
200205,0.50
200206,0.52
200207,0.48
200208,0.44
200209,0.47
200210,0.46
200211,0.44
200212,0.49
200301,0.47
200302,0.47
200303,0.50
200304,0.47
200305,0.48
200306,0.49
200307,0.52
200308,0.55
200309,0.55
200310,0.55
200311,0.50
200312,0.48
200401,0.49
200402,0.55
200403,0.50
200404,0.52
200405,0.43
200406,0.44
200407,0.47
200408,0.49
200409,0.50
200410,0.51
200411,0.50
200412,0.46
200501,0.48
200502,0.46
200503,0.50
200504,0.49
200505,0.53
200506,0.52
200507,0.54
200508,0.54
200509,0.50
200510,0.47
200511,0.43
200512,0.41
200601,0.43
200602,0.44
200603,0.43
200604,0.45
200605,0.48
200606,0.50
200607,0.50
200608,0.53
200609,0.53
200610,0.50
200611,0.53
200612,0.51
200701,0.52
200702,0.50
200703,0.43
200704,0.42
200705,0.42
200706,0.46
200707,0.43
200708,0.39
200709,0.39
200710,0.35
200711,0.28
200712,0.25
200801,0.27
200802,0.27
200803,0.33
200804,0.35
200805,0.38
200806,0.42
200807,0.46
200808,0.47
200809,0.47
200810,0.44
200811,0.40
200812,0.40
200901,0.40
200902,0.39
200903,0.42
200904,0.46
200905,0.51
200906,0.62
200907,0.62
200908,0.61
200909,0.54
200910,0.55
200911,0.56
200912,0.62
201001,0.61
201002,0.64
201003,0.61
201004,0.61
201005,0.58
201006,0.57
201007,0.55
201008,0.53
201009,0.49
201010,0.41
201011,0.39
201012,0.38
201101,0.39
201102,0.39
201103,0.41
201104,0.41
201105,0.44
201106,0.48
201107,0.47
201108,0.45
201109,0.41
201110,0.38
201111,0.38
201112,0.34
201201,0.35
201202,0.39
201203,0.37
201204,0.44
201205,0.50
201206,0.49
201207,0.53
201208,0.55
201209,0.56
201210,0.54
201211,0.51
201212,0.51
201301,0.46
201302,0.47
201303,0.49
201304,0.50
201305,0.52
201306,0.51
201307,0.57
201308,0.58
201309,0.55
201310,0.53
201311,0.53
201312,0.48
201401,0.51
201402,0.51
201403,0.51
201404,0.59
201405,0.63
201406,0.67
201407,0.65
201408,0.69
201409,0.69
201410,0.64
201411,0.59
201412,0.59
201501,0.59
201502,0.57
201503,0.61
201504,0.66
201505,0.72
201506,0.74
201507,0.74
201508,0.76
201509,0.80
201510,0.83
201511,0.82
201512,0.83
201601,0.87
201602,0.81
201603,0.83
201604,0.79
201605,0.77
201606,0.78
201607,0.77
201608,0.76
201609,0.72
201610,0.69
201611,0.61
201612,0.62
201701,0.71
201702,0.73
201703,0.73
201704,0.73
201705,0.71
201706,0.70
201707,0.75
201708,0.75
201709,0.68
201710,0.66
201711,0.62
201712,0.57
201801,0.57
201802,0.56
201803,0.61
201804,0.65
201805,0.66
201806,0.64
201807,0.66
201808,0.66
201809,0.69
201810,0.73
201811,0.71
201812,0.72
201901,0.68
201902,0.71
201903,0.72
201904,0.73
201905,0.72
201906,0.79
201907,0.79
201908,0.79
201909,0.73
201910,0.72
201911,0.73
201912,0.75
202001,0.80
202002,0.77
202003,0.81
202004,0.80
202005,0.76
202006,0.76
202007,0.76
202008,0.75
202009,0.69
202010,0.63
202011,0.60
202012,0.55
202101,0.55
202102,0.55
202103,0.57
202104,0.60
202105,0.62
202106,0.67
202107,0.72
202108,0.68
202109,0.68
202110,0.66
202111,0.66
202112,0.61
202201,0.66
202202,0.64
202203,0.65
202204,0.63
202205,0.64
202206,0.70
202207,0.69
202208,0.73
202209,0.70
202210,0.66
202211,0.66
202212,0.67
202301,0.66
202302,0.68
202303,0.80
202304,0.85
202305,0.84
202306,0.92
202307,0.99
